id,title,category,mizan_classification,source_note,url,download_status,markdown_path,docx_path,raw_html_path
syrian_lawyer_1716,صيغة عقد مقاولة أعمال يصلح لكافة أعمال المقاولات,مقاولة,عقود واردة على العمل / الخدمة > مقاولة,منقول عن صيغ المحامي حازم الجزار بحسب الصفحة,https://www.syrian-lawyer.club/%d8%b5%d9%8a%d8%ba%d8%a9-%d8%b9%d9%82%d8%af-%d9%85%d9%82%d8%a7%d9%88%d9%84%d8%a9-%d8%a3%d8%b9%d9%85%d8%a7%d9%84/,downloaded,content/legal_templates/contracts/markdown/صيغة_عقد_مقاولة_أعمال_يصلح_لكافة_أعمال_المقاولات.md,content/legal_templates/contracts/docx/صيغة_عقد_مقاولة_أعمال_يصلح_لكافة_أعمال_المقاولات.docx,content/legal_templates/contracts/raw_html/syrian_lawyer_1716.html
syrian_lawyer_2530,نموذج وصيغة عقد إيجار شقة سكنية أو منزل,إيجار,عقود واردة على الانتفاع > إيجار سكني,منقول عن المحامي حازم الجزار بحسب الصفحة,https://www.syrian-lawyer.club/%d9%86%d9%85%d9%88%d8%b0%d8%ac-%d9%88%d8%b5%d9%8a%d8%ba%d8%a9-%d8%b9%d9%82%d8%af-%d8%a7%d9%8a%d8%ac%d8%a7%d8%b1-%d8%b4%d9%82%d8%a9-%d8%b3%d9%83%d9%86%d9%8a%d8%a9-%d8%a3%d9%88-%d9%85%d9%86%d8%b2%d9%84/,downloaded,content/legal_templates/contracts/markdown/نموذج_وصيغة_عقد_إيجار_شقة_سكنية_أو_منزل.md,content/legal_templates/contracts/docx/نموذج_وصيغة_عقد_إيجار_شقة_سكنية_أو_منزل.docx,content/legal_templates/contracts/raw_html/syrian_lawyer_2530.html
syrian_lawyer_1712,عقد تأسيس شركة محاصة,شركة,عقود شركات / شراكات > عقد محاصة,نقلاً عن المحامي حازم الجزار بحسب الصفحة,https://www.syrian-lawyer.club/%d8%b9%d9%82%d8%af-%d8%aa%d8%a3%d8%b3%d9%8a%d8%b3-%d8%b4%d8%b1%d9%83%d8%a9-%d9%85%d8%ad%d8%a7%d8%b5%d8%a9-2/,downloaded,content/legal_templates/contracts/markdown/عقد_تأسيس_شركة_محاصة.md,content/legal_templates/contracts/docx/عقد_تأسيس_شركة_محاصة.docx,content/legal_templates/contracts/raw_html/syrian_lawyer_1712.html
syrian_lawyer_car_sale,نموذج وصيغة عقد بيع قطعي لسيارة أو آلية,بيع,عقود واردة على الملكية > بيع مركبة,نموذج سوري منشور - غير مثبت أنه من حازم الجزار,https://www.syrian-lawyer.club/%D9%86%D9%85%D9%88%D8%B0%D8%AC-%D8%B9%D9%82%D8%AF-%D8%A8%D9%8A%D8%B9-%D9%82%D8%B7%D8%B9%D9%8A-%D8%B3%D9%8A%D8%A7%D8%B1%D8%A9-%D8%A3%D9%88-%D8%A2%D9%84%D9%8A%D8%A9/,downloaded,content/legal_templates/contracts/markdown/نموذج_وصيغة_عقد_بيع_قطعي_لسيارة_أو_آلية.md,content/legal_templates/contracts/docx/نموذج_وصيغة_عقد_بيع_قطعي_لسيارة_أو_آلية.docx,content/legal_templates/contracts/raw_html/syrian_lawyer_car_sale.html
syrian_lawyer_12245,نموذج عقد بيع عقار قطعي سوريا ( عقد مكتب عقاري) doc + pdf,بيع,عقود واردة على الملكية > بيع عقار,نموذج منشور في نادي المحامي السوري - يحتاج تحقق من نسبته ومراجعة قبل الاعتماد,https://www.syrian-lawyer.club/%d9%86%d9%85%d9%88%d8%b0%d8%ac-%d8%b9%d9%82%d8%af-%d8%a8%d9%8a%d8%b9-%d8%b9%d9%82%d8%a7%d8%b1-%d9%82%d8%b7%d8%b9%d9%8a-%d8%b3%d9%88%d8%b1%d9%8a%d8%a7-%d8%b9%d9%82%d8%af-%d9%85%d9%83%d8%aa%d8%a8/,downloaded,content/legal_templates/contracts/markdown/نموذج_عقد_بيع_عقار_قطعي_سوريا_(_عقد_مكتب_عقاري)_doc_+_pdf.md,content/legal_templates/contracts/docx/نموذج_عقد_بيع_عقار_قطعي_سوريا_(_عقد_مكتب_عقاري)_doc_+_pdf.docx,content/legal_templates/contracts/raw_html/syrian_lawyer_12245.html
syrian_lawyer_10002,نموذج وصيغة عقد بيع متجر أو محل تجاري في سوريا,بيع,عقود واردة على الملكية > بيع متجر / محل تجاري,نموذج منشور في نادي المحامي السوري - يحتاج تحقق من نسبته ومراجعة قبل الاعتماد,https://www.syrian-lawyer.club/%d8%b9%d9%82%d8%af-%d8%a8%d9%8a%d8%b9-%d9%85%d8%aa%d8%ac%d8%b1-%d8%a3%d9%88-%d9%85%d8%ad%d9%84-%d8%aa%d8%ac%d8%a7%d8%b1%d9%8a-%d9%81%d9%8a-%d8%b3%d9%88%d8%b1%d9%8a%d8%a7/,downloaded,content/legal_templates/contracts/markdown/نموذج_وصيغة_عقد_بيع_متجر_أو_محل_تجاري_في_سوريا.md,content/legal_templates/contracts/docx/نموذج_وصيغة_عقد_بيع_متجر_أو_محل_تجاري_في_سوريا.docx,content/legal_templates/contracts/raw_html/syrian_lawyer_10002.html
syrian_lawyer_10005,نموذج وصيغة عقد بيع منقول بالعينة,بيع,عقود واردة على الملكية > بيع منقول,نموذج منشور في نادي المحامي السوري - يحتاج تحقق من نسبته ومراجعة قبل الاعتماد,https://www.syrian-lawyer.club/%d9%86%d9%85%d9%88%d8%b0%d8%ac-%d9%88%d8%b5%d9%8a%d8%ba%d8%a9-%d8%b9%d9%82%d8%af-%d8%a8%d9%8a%d8%b9-%d9%85%d9%86%d9%82%d9%88%d9%84-%d8%a8%d8%a7%d9%84%d8%b9%d9%8a%d9%86%d8%a9/,downloaded,content/legal_templates/contracts/markdown/نموذج_وصيغة_عقد_بيع_منقول_بالعينة.md,content/legal_templates/contracts/docx/نموذج_وصيغة_عقد_بيع_منقول_بالعينة.docx,content/legal_templates/contracts/raw_html/syrian_lawyer_10005.html
syrian_lawyer_10007,صيغة و نموذج عقد بيع بشرط المذاق أو التجربة,بيع,عقود واردة على الملكية > بيع منقول,نموذج منشور في نادي المحامي السوري - يحتاج تحقق من نسبته ومراجعة قبل الاعتماد,https://www.syrian-lawyer.club/%d8%b5%d9%8a%d8%ba%d8%a9-%d9%88-%d9%86%d9%85%d9%88%d8%b0%d8%ac-%d8%b9%d9%82%d8%af-%d8%a8%d9%8a%d8%b9-%d8%a8%d8%b4%d8%b1%d8%b7-%d8%a7%d9%84%d9%85%d8%b0%d8%a7%d9%82-%d8%a3%d9%88-%d8%a7%d9%84%d8%aa%d8%ac/,downloaded,content/legal_templates/contracts/markdown/صيغة_و_نموذج_عقد_بيع_بشرط_المذاق_أو_التجربة.md,content/legal_templates/contracts/docx/صيغة_و_نموذج_عقد_بيع_بشرط_المذاق_أو_التجربة.docx,content/legal_templates/contracts/raw_html/syrian_lawyer_10007.html
syrian_lawyer_9986,نموذج عقد بيع منقول بشرط التجربة تقسيطاً,بيع,عقود واردة على الملكية > بيع منقول بالتقسيط,نموذج منشور في نادي المحامي السوري - يحتاج تحقق من نسبته ومراجعة قبل الاعتماد,https://www.syrian-lawyer.club/%d9%86%d9%85%d9%88%d8%b0%d8%ac-%d8%b9%d9%82%d8%af-%d8%a8%d9%8a%d8%b9-%d9%85%d9%86%d9%82%d9%88%d9%84-%d8%a8%d8%b4%d8%b1%d8%b7-%d8%a7%d9%84%d8%aa%d8%ac%d8%b1%d8%a8%d8%a9-%d8%aa%d9%82%d8%b3%d9%8a%d8%b7/,downloaded,content/legal_templates/contracts/markdown/نموذج_عقد_بيع_منقول_بشرط_التجربة_تقسيطاً.md,content/legal_templates/contracts/docx/نموذج_عقد_بيع_منقول_بشرط_التجربة_تقسيطاً.docx,content/legal_templates/contracts/raw_html/syrian_lawyer_9986.html
syrian_lawyer_9983,نموذج وصيغة عقد بيع منقول بشرط التجربة نقداً,بيع,عقود واردة على الملكية > بيع منقول,نموذج منشور في نادي المحامي السوري - يحتاج تحقق من نسبته ومراجعة قبل الاعتماد,https://www.syrian-lawyer.club/%d9%86%d9%85%d9%88%d8%b0%d8%ac-%d9%88%d8%b5%d9%8a%d8%ba%d8%a9-%d8%b9%d9%82%d8%af-%d8%a8%d9%8a%d8%b9-%d9%85%d9%86%d9%82%d9%88%d9%84-%d8%a8%d8%b4%d8%b1%d8%b7-%d8%a7%d9%84%d8%aa%d8%ac%d8%b1%d8%a8%d8%a9/,downloaded,content/legal_templates/contracts/markdown/نموذج_وصيغة_عقد_بيع_منقول_بشرط_التجربة_نقداً.md,content/legal_templates/contracts/docx/نموذج_وصيغة_عقد_بيع_منقول_بشرط_التجربة_نقداً.docx,content/legal_templates/contracts/raw_html/syrian_lawyer_9983.html
syrian_lawyer_9980,نموذج وصيغة عقد بيع منقول بالتقسيط ( بالأجل ),بيع,عقود واردة على الملكية > بيع منقول بالتقسيط,نموذج منشور في نادي المحامي السوري - يحتاج تحقق من نسبته ومراجعة قبل الاعتماد,https://www.syrian-lawyer.club/%d9%86%d9%85%d9%88%d8%b0%d8%ac-%d9%88%d8%b5%d9%8a%d8%ba%d8%a9-%d8%b9%d9%82%d8%af-%d8%a8%d9%8a%d8%b9-%d9%85%d9%86%d9%82%d9%88%d9%84-%d8%a8%d8%a7%d9%84%d8%aa%d9%82%d8%b3%d9%8a%d8%b7-%d8%a8%d8%a7%d9%84/,downloaded,content/legal_templates/contracts/markdown/نموذج_وصيغة_عقد_بيع_منقول_بالتقسيط_(_بالأجل_).md,content/legal_templates/contracts/docx/نموذج_وصيغة_عقد_بيع_منقول_بالتقسيط_(_بالأجل_).docx,content/legal_templates/contracts/raw_html/syrian_lawyer_9980.html
syrian_lawyer_9914,نموذج وصيغة عقد بيع عقار بالعربون,بيع,عقود واردة على الملكية > بيع عقار,نموذج منشور في نادي المحامي السوري - يحتاج تحقق من نسبته ومراجعة قبل الاعتماد,https://www.syrian-lawyer.club/%d9%86%d9%85%d9%88%d8%b0%d8%ac-%d9%88%d8%b5%d9%8a%d8%ba%d8%a9-%d8%b9%d9%82%d8%af-%d8%a8%d9%8a%d8%b9-%d8%b9%d9%82%d8%a7%d8%b1-%d8%a8%d8%a7%d9%84%d8%b9%d8%b1%d8%a8%d9%88%d9%86/,downloaded,content/legal_templates/contracts/markdown/نموذج_وصيغة_عقد_بيع_عقار_بالعربون.md,content/legal_templates/contracts/docx/نموذج_وصيغة_عقد_بيع_عقار_بالعربون.docx,content/legal_templates/contracts/raw_html/syrian_lawyer_9914.html
syrian_lawyer_9837,عقد بيع دار مسجلة بالسجل العقاري جاهزة للسكن بيعاً قطعياً بثمن نقدي,بيع,عقود واردة على الملكية > بيع عقار,نموذج منشور في نادي المحامي السوري - يحتاج تحقق من نسبته ومراجعة قبل الاعتماد,https://www.syrian-lawyer.club/%d8%b9%d9%82%d8%af-%d8%a8%d9%8a%d8%b9-%d8%af%d8%a7%d8%b1-%d9%85%d8%b3%d8%ac%d9%84%d8%a9-%d8%a8%d8%a7%d9%84%d8%b3%d8%ac%d9%84-%d8%a7%d9%84%d8%b9%d9%82%d8%a7%d8%b1%d9%8a-%d8%ac%d8%a7%d9%87%d8%b2%d8%a9/,downloaded,content/legal_templates/contracts/markdown/عقد_بيع_دار_مسجلة_بالسجل_العقاري_جاهزة_للسكن_بيعاً_قطعياً_بثمن_نقدي.md,content/legal_templates/contracts/docx/عقد_بيع_دار_مسجلة_بالسجل_العقاري_جاهزة_للسكن_بيعاً_قطعياً_بثمن_نقدي.docx,content/legal_templates/contracts/raw_html/syrian_lawyer_9837.html
syrian_lawyer_9840, نموذج عقد بیع دار مسجلة بالسجل العقاري جاهزة للسكن بثمن مقسط,بيع,عقود واردة على الملكية > بيع عقار بالتقسيط,نموذج منشور في نادي المحامي السوري - يحتاج تحقق من نسبته ومراجعة قبل الاعتماد,https://www.syrian-lawyer.club/%d8%b9%d9%82%d8%af-%d8%a8%db%8c%d8%b9-%d8%af%d8%a7%d8%b1-%d9%85%d8%b3%d8%ac%d9%84%d8%a9-%d8%a8%d8%a7%d9%84%d8%b3%d8%ac%d9%84-%d8%a7%d9%84%d8%b9%d9%82%d8%a7%d8%b1%d9%8a-%d8%ac%d8%a7%d9%87%d8%b2/,downloaded,content/legal_templates/contracts/markdown/نموذج_عقد_بیع_دار_مسجلة_بالسجل_العقاري_جاهزة_للسكن_بثمن_مقسط.md,content/legal_templates/contracts/docx/نموذج_عقد_بیع_دار_مسجلة_بالسجل_العقاري_جاهزة_للسكن_بثمن_مقسط.docx,content/legal_templates/contracts/raw_html/syrian_lawyer_9840.html
syrian_lawyer_9920,نموذج وصيغة نص عقد بيع أرض أو عقار زراعي وملحقاته,بيع,عقود واردة على الملكية > بيع عقار زراعي,نموذج منشور في نادي المحامي السوري - يحتاج تحقق من نسبته ومراجعة قبل الاعتماد,https://www.syrian-lawyer.club/%d8%b9%d9%82%d8%af-%d8%a8%d9%8a%d8%b9-%d8%a3%d8%b1%d8%b6-%d8%a3%d9%88-%d8%b9%d9%82%d8%a7%d8%b1-%d8%b2%d8%b1%d8%a7%d8%b9%d9%8a/,downloaded,content/legal_templates/contracts/markdown/نموذج_وصيغة_نص_عقد_بيع_أرض_أو_عقار_زراعي_وملحقاته.md,content/legal_templates/contracts/docx/نموذج_وصيغة_نص_عقد_بيع_أرض_أو_عقار_زراعي_وملحقاته.docx,content/legal_templates/contracts/raw_html/syrian_lawyer_9920.html
syrian_lawyer_9923,صيغة ونموذج عقد بيع حصة مفرزة من عقار زراعي من مالك الكل,بيع,عقود واردة على الملكية > بيع عقار زراعي,نموذج منشور في نادي المحامي السوري - يحتاج تحقق من نسبته ومراجعة قبل الاعتماد,https://www.syrian-lawyer.club/%d8%b5%d9%8a%d8%ba%d8%a9-%d9%88%d9%86%d9%85%d9%88%d8%b0%d8%ac-%d8%b9%d9%82%d8%af-%d8%a8%d9%8a%d8%b9-%d8%ad%d8%b5%d8%a9-%d9%85%d9%81%d8%b1%d8%b2%d8%a9-%d9%85%d9%86-%d8%b9%d9%82%d8%a7%d8%b1-%d8%b2%d8%b1/,downloaded,content/legal_templates/contracts/markdown/صيغة_ونموذج_عقد_بيع_حصة_مفرزة_من_عقار_زراعي_من_مالك_الكل.md,content/legal_templates/contracts/docx/صيغة_ونموذج_عقد_بيع_حصة_مفرزة_من_عقار_زراعي_من_مالك_الكل.docx,content/legal_templates/contracts/raw_html/syrian_lawyer_9923.html
syrian_lawyer_9926,نموذج صيغة عقد بيع حصة مفرزة من عقار زراعي من مالك مشتاع,بيع,عقود واردة على الملكية > بيع عقار زراعي,نموذج منشور في نادي المحامي السوري - يحتاج تحقق من نسبته ومراجعة قبل الاعتماد,https://www.syrian-lawyer.club/%d9%86%d9%85%d9%88%d8%b0%d8%ac-%d8%b5%d9%8a%d8%ba%d8%a9-%d8%b9%d9%82%d8%af-%d8%a8%d9%8a%d8%b9-%d8%ad%d8%b5%d8%a9-%d9%85%d9%81%d8%b1%d8%b2%d8%a9-%d9%85%d9%86-%d8%b9%d9%82%d8%a7%d8%b1-%d8%b2%d8%b1%d8%a7/,downloaded,content/legal_templates/contracts/markdown/نموذج_صيغة_عقد_بيع_حصة_مفرزة_من_عقار_زراعي_من_مالك_مشتاع.md,content/legal_templates/contracts/docx/نموذج_صيغة_عقد_بيع_حصة_مفرزة_من_عقار_زراعي_من_مالك_مشتاع.docx,content/legal_templates/contracts/raw_html/syrian_lawyer_9926.html
syrian_lawyer_15699,نص و نموذج عقد مقايضة عقارين,مقايضة,عقود واردة على الملكية > مقايضة,نموذج منشور في نادي المحامي السوري - يحتاج تحقق من نسبته ومراجعة قبل الاعتماد,https://www.syrian-lawyer.club/%d9%86%d8%b5-%d9%88-%d9%86%d9%85%d9%88%d8%b0%d8%ac-%d8%b9%d9%82%d8%af-%d9%85%d9%82%d8%a7%d9%8a%d8%b6%d8%a9-%d8%b9%d9%82%d8%a7%d8%b1%d9%8a%d9%86/,downloaded,content/legal_templates/contracts/markdown/نص_و_نموذج_عقد_مقايضة_عقارين.md,content/legal_templates/contracts/docx/نص_و_نموذج_عقد_مقايضة_عقارين.docx,content/legal_templates/contracts/raw_html/syrian_lawyer_15699.html
syrian_lawyer_15705,نص و صيغة عقد مقايضة عقار بسيارة,مقايضة,عقود واردة على الملكية > مقايضة,نموذج منشور في نادي المحامي السوري - يحتاج تحقق من نسبته ومراجعة قبل الاعتماد,https://www.syrian-lawyer.club/%d9%86%d8%b5-%d9%88-%d8%b5%d9%8a%d8%ba%d8%a9-%d8%b9%d9%82%d8%af-%d9%85%d9%82%d8%a7%d9%8a%d8%b6%d8%a9-%d8%b9%d9%82%d8%a7%d8%b1-%d8%a8%d8%b3%d9%8a%d8%a7%d8%b1%d8%a9/,downloaded,content/legal_templates/contracts/markdown/نص_و_صيغة_عقد_مقايضة_عقار_بسيارة.md,content/legal_templates/contracts/docx/نص_و_صيغة_عقد_مقايضة_عقار_بسيارة.docx,content/legal_templates/contracts/raw_html/syrian_lawyer_15705.html
syrian_lawyer_14694,نص عقد بيع حصة في تركة مفصلة المشتملات,بيع,عقود واردة على الملكية > بيع حصة / تركة,نموذج منشور في نادي المحامي السوري - يحتاج تحقق من نسبته ومراجعة قبل الاعتماد,https://www.syrian-lawyer.club/%d9%86%d8%b5-%d8%b9%d9%82%d8%af-%d8%a8%d9%8a%d8%b9-%d8%ad%d8%b5%d8%a9-%d9%81%d9%8a-%d8%aa%d8%b1%d9%83%d8%a9-%d9%85%d9%81%d8%b5%d9%84%d8%a9-%d8%a7%d9%84%d9%85%d8%b4%d8%aa%d9%85%d9%84%d8%a7%d8%aa/,downloaded,content/legal_templates/contracts/markdown/نص_عقد_بيع_حصة_في_تركة_مفصلة_المشتملات.md,content/legal_templates/contracts/docx/نص_عقد_بيع_حصة_في_تركة_مفصلة_المشتملات.docx,content/legal_templates/contracts/raw_html/syrian_lawyer_14694.html
syrian_lawyer_14692,صيغة عقد بيع حصة في تركة دون تفصيل مشتملاتها,بيع,عقود واردة على الملكية > بيع حصة / تركة,نموذج منشور في نادي المحامي السوري - يحتاج تحقق من نسبته ومراجعة قبل الاعتماد,https://www.syrian-lawyer.club/%d8%b5%d9%8a%d8%ba%d8%a9-%d8%b9%d9%82%d8%af-%d8%a8%d9%8a%d8%b9-%d8%ad%d8%b5%d8%a9-%d9%81%d9%8a-%d8%aa%d8%b1%d9%83%d8%a9-%d8%af%d9%88%d9%86-%d8%aa%d9%81%d8%b5%d9%8a%d9%84-%d9%85%d8%b4%d8%aa%d9%85%d9%84/,downloaded,content/legal_templates/contracts/markdown/صيغة_عقد_بيع_حصة_في_تركة_دون_تفصيل_مشتملاتها.md,content/legal_templates/contracts/docx/صيغة_عقد_بيع_حصة_في_تركة_دون_تفصيل_مشتملاتها.docx,content/legal_templates/contracts/raw_html/syrian_lawyer_14692.html
syrian_lawyer_14698,صيغة ونص عقد بيع دين أو حق متنازع فيه قضائية,بيع,عقود واردة على الملكية > بيع حق / دين,نموذج منشور في نادي المحامي السوري - يحتاج تحقق من نسبته ومراجعة قبل الاعتماد,https://www.syrian-lawyer.club/%d8%b5%d9%8a%d8%ba%d8%a9-%d9%88%d9%86%d8%b5-%d8%b9%d9%82%d8%af-%d8%a8%d9%8a%d8%b9-%d8%af%d9%8a%d9%86-%d8%a3%d9%88-%d8%ad%d9%82-%d9%85%d8%aa%d9%86%d8%a7%d8%b2%d8%b9-%d9%81%d9%8a%d9%87-%d9%82%d8%b6/,downloaded,content/legal_templates/contracts/markdown/صيغة_ونص_عقد_بيع_دين_أو_حق_متنازع_فيه_قضائية.md,content/legal_templates/contracts/docx/صيغة_ونص_عقد_بيع_دين_أو_حق_متنازع_فيه_قضائية.docx,content/legal_templates/contracts/raw_html/syrian_lawyer_14698.html
syrian_lawyer_11472,نص ونموذج وصيغة عقد بيع علامة فارقة تجارية أو صناعية,بيع,عقود تجارية > بيع علامة تجارية,نموذج منشور في نادي المحامي السوري - يحتاج تحقق من نسبته ومراجعة قبل الاعتماد,https://www.syrian-lawyer.club/%d8%b9%d9%82%d8%af-%d8%a8%d9%8a%d8%b9-%d8%b9%d9%84%d8%a7%d9%85%d8%a9-%d9%81%d8%a7%d8%b1%d9%82%d8%a9-%d8%aa%d8%ac%d8%a7%d8%b1%d9%8a%d8%a9-%d8%a3%d9%88-%d8%b5%d9%86%d8%a7%d8%b9%d9%8a%d8%a9/,downloaded,content/legal_templates/contracts/markdown/نص_ونموذج_وصيغة_عقد_بيع_علامة_فارقة_تجارية_أو_صناعية.md,content/legal_templates/contracts/docx/نص_ونموذج_وصيغة_عقد_بيع_علامة_فارقة_تجارية_أو_صناعية.docx,content/legal_templates/contracts/raw_html/syrian_lawyer_11472.html
syrian_lawyer_11437,نموذج و صيغة عقد بيع رسم أو نموذج صناعي,بيع,عقود تجارية > بيع نموذج صناعي,نموذج منشور في نادي المحامي السوري - يحتاج تحقق من نسبته ومراجعة قبل الاعتماد,https://www.syrian-lawyer.club/%d8%b9%d9%82%d8%af-%d8%a8%d9%8a%d8%b9-%d8%b1%d8%b3%d9%85-%d8%a3%d9%88-%d9%86%d9%85%d9%88%d8%b0%d8%ac-%d8%b5%d9%86%d8%a7%d8%b9%d9%8a/,downloaded,content/legal_templates/contracts/markdown/نموذج_و_صيغة_عقد_بيع_رسم_أو_نموذج_صناعي.md,content/legal_templates/contracts/docx/نموذج_و_صيغة_عقد_بيع_رسم_أو_نموذج_صناعي.docx,content/legal_templates/contracts/raw_html/syrian_lawyer_11437.html
syrian_lawyer_11475,صيغة و نموذج عقد بيع استثمار شهادة اختراع,بيع,عقود تجارية > استثمار / ملكية فكرية,نموذج منشور في نادي المحامي السوري - يحتاج تحقق من نسبته ومراجعة قبل الاعتماد,https://www.syrian-lawyer.club/%d8%b5%d9%8a%d8%ba%d8%a9-%d9%88%d9%86%d9%85%d9%88%d8%b0%d8%ac-%d8%b9%d9%82%d8%af-%d8%a8%d9%8a%d8%b9-%d8%a7%d8%b3%d8%aa%d8%ab%d9%85%d8%a7%d8%b1-%d8%b4%d9%87%d8%a7%d8%af%d8%a9-%d8%a7%d8%ae%d8%aa%d8%b1/,downloaded,content/legal_templates/contracts/markdown/صيغة_و_نموذج_عقد_بيع_استثمار_شهادة_اختراع.md,content/legal_templates/contracts/docx/صيغة_و_نموذج_عقد_بيع_استثمار_شهادة_اختراع.docx,content/legal_templates/contracts/raw_html/syrian_lawyer_11475.html
syrian_lawyer_2210,صيغة عقد ايجار منقولات ( اثاث وفرش وتجهيزات ),إيجار,عقود واردة على الانتفاع > إيجار منقول,نموذج منشور في نادي المحامي السوري - يحتاج تحقق من نسبته ومراجعة قبل الاعتماد,https://www.syrian-lawyer.club/%d8%b5%d9%8a%d8%ba%d8%a9-%d8%b9%d9%82%d8%af-%d8%a7%d9%8a%d8%ac%d8%a7%d8%b1-%d9%85%d9%86%d9%82%d9%88%d9%84%d8%a7%d8%aa-%d8%a7%d8%ab%d8%a7%d8%ab-%d9%88%d9%81%d8%b1%d8%b4-%d9%88%d8%aa%d8%ac%d9%87%d9%8a/,downloaded,content/legal_templates/contracts/markdown/صيغة_عقد_ايجار_منقولات_(_اثاث_وفرش_وتجهيزات_).md,content/legal_templates/contracts/docx/صيغة_عقد_ايجار_منقولات_(_اثاث_وفرش_وتجهيزات_).docx,content/legal_templates/contracts/raw_html/syrian_lawyer_2210.html
syrian_lawyer_2213,صيغة عقد ايجار واجهة بناء أوعمارة من أجل الاعلانات عليها,إيجار,عقود واردة على الانتفاع > إيجار / استغلال واجهة,نموذج منشور في نادي المحامي السوري - يحتاج تحقق من نسبته ومراجعة قبل الاعتماد,https://www.syrian-lawyer.club/%d8%b5%d9%8a%d8%ba%d8%a9-%d8%b9%d9%82%d8%af-%d8%a7%d9%8a%d8%ac%d8%a7%d8%b1-%d9%88%d8%a7%d8%ac%d9%87%d8%a9-%d8%a8%d9%86%d8%a7%d8%a1-%d8%a3%d9%88%d8%b9%d9%85%d8%a7%d8%b1%d8%a9-%d9%85%d9%86-%d8%a3%d8%ac/,downloaded,content/legal_templates/contracts/markdown/صيغة_عقد_ايجار_واجهة_بناء_أوعمارة_من_أجل_الاعلانات_عليها.md,content/legal_templates/contracts/docx/صيغة_عقد_ايجار_واجهة_بناء_أوعمارة_من_أجل_الاعلانات_عليها.docx,content/legal_templates/contracts/raw_html/syrian_lawyer_2213.html
syrian_lawyer_2208,صيغة عقد ايجار شقة  سكنية مفروشة مع نص مواد القانون,إيجار,عقود واردة على الانتفاع > إيجار سكني مفروش,نموذج منشور في نادي المحامي السوري - يحتاج تحقق من نسبته ومراجعة قبل الاعتماد,https://www.syrian-lawyer.club/%d8%b5%d9%8a%d8%ba%d8%a9-%d8%b9%d9%82%d8%af-%d8%a7%d9%8a%d8%ac%d8%a7%d8%b1-%d8%b4%d9%82%d8%a9-%d8%b3%d9%83%d9%86%d9%8a%d8%a9-%d9%85%d9%81%d8%b1%d9%88%d8%b4%d8%a9-%d9%85%d8%b9-%d9%86%d8%b5-%d9%85/,downloaded,content/legal_templates/contracts/markdown/صيغة_عقد_ايجار_شقة_سكنية_مفروشة_مع_نص_مواد_القانون.md,content/legal_templates/contracts/docx/صيغة_عقد_ايجار_شقة_سكنية_مفروشة_مع_نص_مواد_القانون.docx,content/legal_templates/contracts/raw_html/syrian_lawyer_2208.html
syrian_lawyer_2193,صيغة عقد ايجار أرض زراعية مع النصوص القانونية,إيجار,عقود واردة على الانتفاع > إيجار أرض زراعية,نموذج منشور في نادي المحامي السوري - يحتاج تحقق من نسبته ومراجعة قبل الاعتماد,https://www.syrian-lawyer.club/%d8%b5%d9%8a%d8%ba%d8%a9-%d8%b9%d9%82%d8%af-%d8%a7%d9%8a%d8%ac%d8%a7%d8%b1-%d8%a3%d8%b1%d8%b6-%d8%b2%d8%b1%d8%a7%d8%b9%d9%8a%d8%a9/,downloaded,content/legal_templates/contracts/markdown/صيغة_عقد_ايجار_أرض_زراعية_مع_النصوص_القانونية.md,content/legal_templates/contracts/docx/صيغة_عقد_ايجار_أرض_زراعية_مع_النصوص_القانونية.docx,content/legal_templates/contracts/raw_html/syrian_lawyer_2193.html
syrian_lawyer_15860,صيغة عقد ايجار و استثمار فندق,إيجار,عقود واردة على الانتفاع > إيجار / استثمار فندق,نموذج منشور في نادي المحامي السوري - يحتاج تحقق من نسبته ومراجعة قبل الاعتماد,https://www.syrian-lawyer.club/%d8%b9%d9%82%d8%af-%d8%a7%d9%8a%d8%ac%d8%a7%d8%b1-%d9%81%d9%86%d8%af%d9%82/,downloaded,content/legal_templates/contracts/markdown/صيغة_عقد_ايجار_و_استثمار_فندق.md,content/legal_templates/contracts/docx/صيغة_عقد_ايجار_و_استثمار_فندق.docx,content/legal_templates/contracts/raw_html/syrian_lawyer_15860.html
syrian_lawyer_2185,عقد العارية ( اعارة )  تعريف و نصوص  + العقد+  دعوى التثبيت  + الدعوى + اجتهادات,عارية,عقود واردة على الانتفاع > عارية,نموذج منشور في نادي المحامي السوري - يحتاج تحقق من نسبته ومراجعة قبل الاعتماد,https://www.syrian-lawyer.club/%d8%b9%d9%82%d8%af-%d8%a7%d9%84%d8%b9%d8%a7%d8%b1%d9%8a%d8%a9-%d9%86%d8%b5%d9%88%d8%b5-%d9%88%d8%b5%d9%8a%d8%ba-%d9%88%d8%a7%d8%ac%d8%aa%d9%87%d8%a7%d8%af%d8%a7%d8%aa/,downloaded,content/legal_templates/contracts/markdown/عقد_العارية_(_اعارة_)_تعريف_و_نصوص_+_العقد+_دعوى_التثبيت_+_الدعوى_+_اجتهادات.md,content/legal_templates/contracts/docx/عقد_العارية_(_اعارة_)_تعريف_و_نصوص_+_العقد+_دعوى_التثبيت_+_الدعوى_+_اجتهادات.docx,content/legal_templates/contracts/raw_html/syrian_lawyer_2185.html
syrian_lawyer_1812,صيغة عقد ترتيب حق ارتفاق بالمرور على عقار,ارتفاق,عقود واردة على الانتفاع > ارتفاق,نموذج منشور في نادي المحامي السوري - يحتاج تحقق من نسبته ومراجعة قبل الاعتماد,https://www.syrian-lawyer.club/%d8%b9%d9%82%d8%af-%d8%aa%d8%b1%d8%aa%d9%8a%d8%a8-%d8%ad%d9%82-%d8%a7%d8%b1%d8%aa%d9%81%d8%a7%d9%82-%d8%a8%d8%a7%d9%84%d9%85%d8%b1%d9%88%d8%b1/,downloaded,content/legal_templates/contracts/markdown/صيغة_عقد_ترتيب_حق_ارتفاق_بالمرور_على_عقار.md,content/legal_templates/contracts/docx/صيغة_عقد_ترتيب_حق_ارتفاق_بالمرور_على_عقار.docx,content/legal_templates/contracts/raw_html/syrian_lawyer_1812.html
syrian_lawyer_16283,صيغة عقد قسمة نهائية لعقار مبني,قسمة,عقود واردة على الملكية > قسمة,نموذج منشور في نادي المحامي السوري - يحتاج تحقق من نسبته ومراجعة قبل الاعتماد,https://www.syrian-lawyer.club/%d8%b5%d9%8a%d8%ba%d8%a9-%d8%b9%d9%82%d8%af-%d9%82%d8%b3%d9%85%d8%a9-%d9%86%d9%87%d8%a7%d8%a6%d9%8a%d8%a9-%d9%84%d8%b9%d9%82%d8%a7%d8%b1-%d9%85%d8%a8%d9%86%d9%8a/,downloaded,content/legal_templates/contracts/markdown/صيغة_عقد_قسمة_نهائية_لعقار_مبني.md,content/legal_templates/contracts/docx/صيغة_عقد_قسمة_نهائية_لعقار_مبني.docx,content/legal_templates/contracts/raw_html/syrian_lawyer_16283.html
syrian_lawyer_16297,صيغة عقد قسمة مهايأة بالاختصاص بجزء مفرز لعقار زراعي,قسمة,عقود واردة على الملكية > قسمة مهايأة,نموذج منشور في نادي المحامي السوري - يحتاج تحقق من نسبته ومراجعة قبل الاعتماد,https://www.syrian-lawyer.club/%d8%b5%d9%8a%d8%ba%d8%a9-%d8%b9%d9%82%d8%af-%d9%82%d8%b3%d9%85%d8%a9-%d9%85%d9%87%d8%a7%d9%8a%d8%a3%d8%a9-%d8%a8%d8%a7%d9%84%d8%a7%d8%ae%d8%aa%d8%b5%d8%a7%d8%b5-%d8%a8%d8%ac%d8%b2%d8%a1-%d9%85%d9%81/,downloaded,content/legal_templates/contracts/markdown/صيغة_عقد_قسمة_مهايأة_بالاختصاص_بجزء_مفرز_لعقار_زراعي.md,content/legal_templates/contracts/docx/صيغة_عقد_قسمة_مهايأة_بالاختصاص_بجزء_مفرز_لعقار_زراعي.docx,content/legal_templates/contracts/raw_html/syrian_lawyer_16297.html
syrian_lawyer_2307,نموذج و صيغة عقد قسمة رضائية فعلية,قسمة,عقود واردة على الملكية > قسمة رضائية,نموذج منشور في نادي المحامي السوري - يحتاج تحقق من نسبته ومراجعة قبل الاعتماد,https://www.syrian-lawyer.club/%d8%b5%d9%8a%d8%ba%d8%a9-%d8%b9%d9%82%d8%af-%d9%82%d8%b3%d9%85%d8%a9-%d8%b1%d8%b6%d8%a7%d8%a6%d9%8a%d8%a9-%d9%81%d8%b9%d9%84%d9%8a%d8%a9/,downloaded,content/legal_templates/contracts/markdown/نموذج_و_صيغة_عقد_قسمة_رضائية_فعلية.md,content/legal_templates/contracts/docx/نموذج_و_صيغة_عقد_قسمة_رضائية_فعلية.docx,content/legal_templates/contracts/raw_html/syrian_lawyer_2307.html
syrian_lawyer_2202,صيغة عقد قسمة رضائية لقعار في القانون السوري,قسمة,عقود واردة على الملكية > قسمة رضائية,نموذج منشور في نادي المحامي السوري - يحتاج تحقق من نسبته ومراجعة قبل الاعتماد,https://www.syrian-lawyer.club/%d8%b5%d9%8a%d8%ba%d8%a9-%d8%b9%d9%82%d8%af-%d9%82%d8%b3%d9%85%d8%a9-%d8%b1%d8%b6%d8%a7%d8%a6%d9%8a%d8%a9/,downloaded,content/legal_templates/contracts/markdown/صيغة_عقد_قسمة_رضائية_لقعار_في_القانون_السوري.md,content/legal_templates/contracts/docx/صيغة_عقد_قسمة_رضائية_لقعار_في_القانون_السوري.docx,content/legal_templates/contracts/raw_html/syrian_lawyer_2202.html
syrian_lawyer_16280,صيغة عقد اتفاق ازالة شيوع عقار بالبيع,قسمة,عقود واردة على الملكية > إزالة شيوع / اتفاق بيع,نموذج منشور في نادي المحامي السوري - يحتاج تحقق من نسبته ومراجعة قبل الاعتماد,https://www.syrian-lawyer.club/%d8%b5%d9%8a%d8%ba%d8%a9-%d8%b9%d9%82%d8%af-%d8%a7%d8%aa%d9%81%d8%a7%d9%82-%d8%a7%d8%b2%d8%a7%d9%84%d8%a9-%d8%b4%d9%8a%d9%88%d8%b9-%d8%b9%d9%82%d8%a7%d8%b1-%d8%a8%d8%a7%d9%84%d8%a8%d9%8a%d8%b9/,downloaded,content/legal_templates/contracts/markdown/صيغة_عقد_اتفاق_ازالة_شيوع_عقار_بالبيع.md,content/legal_templates/contracts/docx/صيغة_عقد_اتفاق_ازالة_شيوع_عقار_بالبيع.docx,content/legal_templates/contracts/raw_html/syrian_lawyer_16280.html
syrian_lawyer_6039,عقد عمل فردي,عمل,عقود واردة على العمل / الخدمة > عقد عمل,نموذج منشور في نادي المحامي السوري - يحتاج تحقق من نسبته ومراجعة قبل الاعتماد,https://www.syrian-lawyer.club/%d8%b9%d9%82%d8%af-%d8%b9%d9%85%d9%84-%d9%81%d8%b1%d8%af%d9%8a/,downloaded,content/legal_templates/contracts/markdown/عقد_عمل_فردي.md,content/legal_templates/contracts/docx/عقد_عمل_فردي.docx,content/legal_templates/contracts/raw_html/syrian_lawyer_6039.html
syrian_lawyer_15923,صيغة نص عقد وديعة,وديعة,عقود واردة على العمل / الخدمة > وديعة,نموذج منشور في نادي المحامي السوري - يحتاج تحقق من نسبته ومراجعة قبل الاعتماد,https://www.syrian-lawyer.club/%d8%b5%d9%8a%d8%ba%d8%a9-%d9%86%d8%b5-%d8%b9%d9%82%d8%af-%d9%88%d8%af%d9%8a%d8%b9%d8%a9/,downloaded,content/legal_templates/contracts/markdown/صيغة_نص_عقد_وديعة.md,content/legal_templates/contracts/docx/صيغة_نص_عقد_وديعة.docx,content/legal_templates/contracts/raw_html/syrian_lawyer_15923.html
syrian_lawyer_15925,صيغة نص عقد وديعة بأجر,وديعة,عقود واردة على العمل / الخدمة > وديعة بأجر,نموذج منشور في نادي المحامي السوري - يحتاج تحقق من نسبته ومراجعة قبل الاعتماد,https://www.syrian-lawyer.club/%d8%b9%d9%82%d8%af-%d9%88%d8%af%d9%8a%d8%b9%d8%a9-%d8%a8%d8%a3%d8%ac%d8%b1/,downloaded,content/legal_templates/contracts/markdown/صيغة_نص_عقد_وديعة_بأجر.md,content/legal_templates/contracts/docx/صيغة_نص_عقد_وديعة_بأجر.docx,content/legal_templates/contracts/raw_html/syrian_lawyer_15925.html
syrian_lawyer_2754,نموذج و صيغة عقد توزيع منتجات حصري,تجاري,عقود تجارية > توزيع,نموذج منشور في نادي المحامي السوري - يحتاج تحقق من نسبته ومراجعة قبل الاعتماد,https://www.syrian-lawyer.club/%d8%b9%d9%82%d8%af-%d8%aa%d9%88%d8%b2%d9%8a%d8%b9-%d9%85%d9%86%d8%aa%d8%ac%d8%a7%d8%aa-%d8%ad%d8%b5%d8%b1%d9%8a/,downloaded,content/legal_templates/contracts/markdown/نموذج_و_صيغة_عقد_توزيع_منتجات_حصري.md,content/legal_templates/contracts/docx/نموذج_و_صيغة_عقد_توزيع_منتجات_حصري.docx,content/legal_templates/contracts/raw_html/syrian_lawyer_2754.html
syrian_lawyer_2311,نموذج و صيغة عقد تعيين وكيل محلي حصري لمنتج,تجاري,عقود تجارية > وكالة تجارية,نموذج منشور في نادي المحامي السوري - يحتاج تحقق من نسبته ومراجعة قبل الاعتماد,https://www.syrian-lawyer.club/%d8%b9%d9%82%d8%af-%d8%aa%d8%b9%d9%8a%d9%8a%d9%86-%d9%88%d9%83%d9%8a%d9%84-%d9%85%d8%ad%d9%84%d9%8a/,downloaded,content/legal_templates/contracts/markdown/نموذج_و_صيغة_عقد_تعيين_وكيل_محلي_حصري_لمنتج.md,content/legal_templates/contracts/docx/نموذج_و_صيغة_عقد_تعيين_وكيل_محلي_حصري_لمنتج.docx,content/legal_templates/contracts/raw_html/syrian_lawyer_2311.html
syrian_lawyer_4154,نموذج  سمسرة (  عقار – سيارة ),تجاري,عقود تجارية > سمسرة / وساطة,نموذج منشور في نادي المحامي السوري - يحتاج تحقق من نسبته ومراجعة قبل الاعتماد,https://www.syrian-lawyer.club/%d9%86%d9%85%d9%88%d8%b0%d8%ac-%d8%b9%d9%82%d8%af-%d9%88%d8%b3%d8%a7%d8%b7%d8%a9-%d8%b3%d9%85%d8%b3%d8%b1%d8%a9-%d8%b9%d9%82%d8%a7%d8%b1-%d8%b3%d9%8a%d8%a7%d8%b1%d8%a9/,downloaded,content/legal_templates/contracts/markdown/نموذج_سمسرة_(_عقار_–_سيارة_).md,content/legal_templates/contracts/docx/نموذج_سمسرة_(_عقار_–_سيارة_).docx,content/legal_templates/contracts/raw_html/syrian_lawyer_4154.html
syrian_lawyer_8594,نموذج عقد تسوق الكتروني سوشيال ميديا  doc+ pdf,تجاري,عقود تجارية > تسويق,نموذج منشور في نادي المحامي السوري - يحتاج تحقق من نسبته ومراجعة قبل الاعتماد,https://www.syrian-lawyer.club/%d8%b9%d9%82%d8%af-%d8%aa%d8%b3%d9%88%d9%82-%d8%a7%d9%84%d9%83%d8%aa%d8%b1%d9%88%d9%86%d9%8a-pdf/,downloaded,content/legal_templates/contracts/markdown/نموذج_عقد_تسوق_الكتروني_سوشيال_ميديا_doc+_pdf.md,content/legal_templates/contracts/docx/نموذج_عقد_تسوق_الكتروني_سوشيال_ميديا_doc+_pdf.docx,content/legal_templates/contracts/raw_html/syrian_lawyer_8594.html
syrian_lawyer_16272,صيغة عقد كفالة بين الدائن والكفيل,كفالة,عقود ضمان / كفالة / رهن > كفالة,نموذج منشور في نادي المحامي السوري - يحتاج تحقق من نسبته ومراجعة قبل الاعتماد,https://www.syrian-lawyer.club/%d8%b5%d9%8a%d8%ba%d8%a9-%d8%b9%d9%82%d8%af-%d9%83%d9%81%d8%a7%d9%84%d8%a9-%d8%a8%d9%8a%d9%86-%d8%a7%d9%84%d8%af%d8%a7%d8%a6%d9%86-%d9%88%d8%a7%d9%84%d9%83%d9%81%d9%8a%d9%84/,downloaded,content/legal_templates/contracts/markdown/صيغة_عقد_كفالة_بين_الدائن_والكفيل.md,content/legal_templates/contracts/docx/صيغة_عقد_كفالة_بين_الدائن_والكفيل.docx,content/legal_templates/contracts/raw_html/syrian_lawyer_16272.html
syrian_lawyer_16269,صيغة عقد كفالة بين الدائن والمدين والكفيل,كفالة,عقود ضمان / كفالة / رهن > كفالة,نموذج منشور في نادي المحامي السوري - يحتاج تحقق من نسبته ومراجعة قبل الاعتماد,https://www.syrian-lawyer.club/%d8%b5%d9%8a%d8%ba%d8%a9-%d8%b9%d9%82%d8%af-%d9%83%d9%81%d8%a7%d9%84%d8%a9-%d8%a8%d9%8a%d9%86-%d8%a7%d9%84%d8%af%d8%a7%d8%a6%d9%86-%d9%88%d8%a7%d9%84%d9%85%d8%af%d9%8a%d9%86-%d9%88%d8%a7%d9%84%d9%83/,downloaded,content/legal_templates/contracts/markdown/صيغة_عقد_كفالة_بين_الدائن_والمدين_والكفيل.md,content/legal_templates/contracts/docx/صيغة_عقد_كفالة_بين_الدائن_والمدين_والكفيل.docx,content/legal_templates/contracts/raw_html/syrian_lawyer_16269.html
syrian_lawyer_16266,صيغة عقد كفالة وتضامن مذيل على عقد أو سند,كفالة,عقود ضمان / كفالة / رهن > كفالة وتضامن,نموذج منشور في نادي المحامي السوري - يحتاج تحقق من نسبته ومراجعة قبل الاعتماد,https://www.syrian-lawyer.club/%d8%b5%d9%8a%d8%ba%d8%a9-%d8%b9%d9%82%d8%af-%d9%83%d9%81%d8%a7%d9%84%d8%a9-%d9%88%d8%aa%d8%b6%d8%a7%d9%85%d9%86-%d9%85%d8%b0%d9%8a%d9%84-%d8%b9%d9%84%d9%89-%d8%b9%d9%82%d8%af-%d8%a3%d9%88-%d8%b3%d9%86/,downloaded,content/legal_templates/contracts/markdown/صيغة_عقد_كفالة_وتضامن_مذيل_على_عقد_أو_سند.md,content/legal_templates/contracts/docx/صيغة_عقد_كفالة_وتضامن_مذيل_على_عقد_أو_سند.docx,content/legal_templates/contracts/raw_html/syrian_lawyer_16266.html
syrian_lawyer_595,صيغة ونموذج اتفاقية اتعاب محاماه word + pdf,محاماة,مالية / اتفاق أتعاب > اتفاق أتعاب,نموذج منشور في نادي المحامي السوري - يحتاج تحقق من نسبته ومراجعة قبل الاعتماد,https://www.syrian-lawyer.club/%d8%a7%d8%aa%d9%81%d8%a7%d9%82%d9%8a%d8%a9-%d8%a7%d8%aa%d8%b9%d8%a7%d8%a8-%d9%85%d8%ad%d8%a7%d9%85%d8%a7%d9%87/,downloaded,content/legal_templates/contracts/markdown/صيغة_ونموذج_اتفاقية_اتعاب_محاماه_word_+_pdf.md,content/legal_templates/contracts/docx/صيغة_ونموذج_اتفاقية_اتعاب_محاماه_word_+_pdf.docx,content/legal_templates/contracts/raw_html/syrian_lawyer_595.html
syrian_lawyer_15703,صيغة عقد مقايضة عقار بمتجر,مقايضة,عقود واردة على الملكية > مقايضة,نموذج منشور في نادي المحامي السوري - يحتاج تحقق من نسبته ومراجعة قبل الاعتماد,https://www.syrian-lawyer.club/%d8%b5%d9%8a%d8%ba%d8%a9-%d8%b9%d9%82%d8%af-%d9%85%d9%82%d8%a7%d9%8a%d8%b6%d8%a9-%d8%b9%d9%82%d8%a7%d8%b1-%d8%a8%d9%85%d8%aa%d8%ac%d8%b1/,downloaded,content/legal_templates/contracts/markdown/صيغة_عقد_مقايضة_عقار_بمتجر.md,content/legal_templates/contracts/docx/صيغة_عقد_مقايضة_عقار_بمتجر.docx,content/legal_templates/contracts/raw_html/syrian_lawyer_15703.html
syrian_lawyer_8999,صيغة ونص عقد مقاولة بتقديم وتركيب مصعد,مقاولة,عقود واردة على العمل / الخدمة > مقاولة,نموذج منشور في نادي المحامي السوري - يحتاج تحقق من نسبته ومراجعة قبل الاعتماد,https://www.syrian-lawyer.club/%d8%b9%d9%82%d8%af-%d9%85%d9%82%d8%a7%d9%88%d9%84%d8%a9-%d8%a8%d8%aa%d9%82%d8%af%d9%8a%d9%85-%d9%88%d8%aa%d8%b1%d9%83%d9%8a%d8%a8-%d9%85%d8%b5%d8%b9%d8%af/,downloaded,content/legal_templates/contracts/markdown/صيغة_ونص_عقد_مقاولة_بتقديم_وتركيب_مصعد.md,content/legal_templates/contracts/docx/صيغة_ونص_عقد_مقاولة_بتقديم_وتركيب_مصعد.docx,content/legal_templates/contracts/raw_html/syrian_lawyer_8999.html
syrian_lawyer_9028,نموذج و صيغة عقد مقاولة لتنفيذ شبكة كهرباء منزلية,مقاولة,عقود واردة على العمل / الخدمة > مقاولة,نموذج منشور في نادي المحامي السوري - يحتاج تحقق من نسبته ومراجعة قبل الاعتماد,https://www.syrian-lawyer.club/%d8%b9%d9%82%d8%af-%d9%85%d9%82%d8%a7%d9%88%d9%84%d8%a9-%d9%84%d8%aa%d9%86%d9%81%d9%8a%d8%b0-%d8%b4%d8%a8%d9%83%d8%a9-%d9%83%d9%87%d8%b1%d8%a8%d8%a7%d8%a1-%d9%85%d9%86%d8%b2%d9%84%d9%8a%d8%a9/,downloaded,content/legal_templates/contracts/markdown/نموذج_و_صيغة_عقد_مقاولة_لتنفيذ_شبكة_كهرباء_منزلية.md,content/legal_templates/contracts/docx/نموذج_و_صيغة_عقد_مقاولة_لتنفيذ_شبكة_كهرباء_منزلية.docx,content/legal_templates/contracts/raw_html/syrian_lawyer_9028.html
syrian_lawyer_9016,نص عقد مقاولة لتنفيذ أعمال المنجور الخشبي المنزلية,مقاولة,عقود واردة على العمل / الخدمة > مقاولة,نموذج منشور في نادي المحامي السوري - يحتاج تحقق من نسبته ومراجعة قبل الاعتماد,https://www.syrian-lawyer.club/%d8%b9%d9%82%d8%af-%d9%85%d9%82%d8%a7%d9%88%d9%84%d8%a9-%d9%84%d8%aa%d9%86%d9%81%d9%8a%d8%b0-%d8%a3%d8%b9%d9%85%d8%a7%d9%84-%d8%a7%d9%84%d9%85%d9%86%d8%ac%d9%88%d8%b1-%d8%a7%d9%84%d8%ae%d8%b4%d8%a8/,downloaded,content/legal_templates/contracts/markdown/نص_عقد_مقاولة_لتنفيذ_أعمال_المنجور_الخشبي_المنزلية.md,content/legal_templates/contracts/docx/نص_عقد_مقاولة_لتنفيذ_أعمال_المنجور_الخشبي_المنزلية.docx,content/legal_templates/contracts/raw_html/syrian_lawyer_9016.html
syrian_lawyer_9012,عقد مقاولة لتنفيذ أعمال الطينة الداخلية والخارجية,مقاولة,عقود واردة على العمل / الخدمة > مقاولة,نموذج منشور في نادي المحامي السوري - يحتاج تحقق من نسبته ومراجعة قبل الاعتماد,https://www.syrian-lawyer.club/%d8%b9%d9%82%d8%af-%d9%85%d9%82%d8%a7%d9%88%d9%84%d8%a9-%d9%84%d8%aa%d9%86%d9%81%d9%8a%d8%b0-%d8%a3%d8%b9%d9%85%d8%a7%d9%84-%d8%a7%d9%84%d8%b7%d9%8a%d9%86%d8%a9-%d8%a7%d9%84%d8%af%d8%a7%d8%ae%d9%84/,downloaded,content/legal_templates/contracts/markdown/عقد_مقاولة_لتنفيذ_أعمال_الطينة_الداخلية_والخارجية.md,content/legal_templates/contracts/docx/عقد_مقاولة_لتنفيذ_أعمال_الطينة_الداخلية_والخارجية.docx,content/legal_templates/contracts/raw_html/syrian_lawyer_9012.html
syrian_lawyer_9006,صيغة و نمموذج عقد مقاولة لتنفيذ أعمال البيتون,مقاولة,عقود واردة على العمل / الخدمة > مقاولة,نموذج منشور في نادي المحامي السوري - يحتاج تحقق من نسبته ومراجعة قبل الاعتماد,https://www.syrian-lawyer.club/%d8%b9%d9%82%d8%af-%d9%85%d9%82%d8%a7%d9%88%d9%84%d8%a9-%d9%84%d8%aa%d9%86%d9%81%d9%8a%d8%b0-%d8%a3%d8%b9%d9%85%d8%a7%d9%84-%d8%a7%d9%84%d8%a8%d9%8a%d8%aa%d9%88%d9%86/,downloaded,content/legal_templates/contracts/markdown/صيغة_و_نمموذج_عقد_مقاولة_لتنفيذ_أعمال_البيتون.md,content/legal_templates/contracts/docx/صيغة_و_نمموذج_عقد_مقاولة_لتنفيذ_أعمال_البيتون.docx,content/legal_templates/contracts/raw_html/syrian_lawyer_9006.html
syrian_lawyer_9005,نموذج و صيغة عقد مقاولة لتنفيذ أعمال البلاط المنزلي,مقاولة,عقود واردة على العمل / الخدمة > مقاولة,نموذج منشور في نادي المحامي السوري - يحتاج تحقق من نسبته ومراجعة قبل الاعتماد,https://www.syrian-lawyer.club/%d8%b9%d9%82%d8%af-%d8%a8%d9%84%d8%a7%d8%b7/,downloaded,content/legal_templates/contracts/markdown/نموذج_و_صيغة_عقد_مقاولة_لتنفيذ_أعمال_البلاط_المنزلي.md,content/legal_templates/contracts/docx/نموذج_و_صيغة_عقد_مقاولة_لتنفيذ_أعمال_البلاط_المنزلي.docx,content/legal_templates/contracts/raw_html/syrian_lawyer_9005.html
syrian_lawyer_9004,عقد مقاولة لتنظيم حديقة ( تقديم فرش تربة زراعية وأعشاب وأشجار ),مقاولة,عقود واردة على العمل / الخدمة > مقاولة,نموذج منشور في نادي المحامي السوري - يحتاج تحقق من نسبته ومراجعة قبل الاعتماد,https://www.syrian-lawyer.club/%d8%b9%d9%82%d8%af-%d9%85%d9%82%d8%a7%d9%88%d9%84%d8%a9-%d9%84%d8%aa%d9%86%d8%b8%d9%8a%d9%85-%d8%ad%d8%af%d9%8a%d9%82%d8%a9-%d8%aa%d9%82%d8%af%d9%8a%d9%85-%d9%81%d8%b1%d8%b4-%d8%aa%d8%b1%d8%a8%d8%a9/,downloaded,content/legal_templates/contracts/markdown/عقد_مقاولة_لتنظيم_حديقة_(_تقديم_فرش_تربة_زراعية_وأعشاب_وأشجار_).md,content/legal_templates/contracts/docx/عقد_مقاولة_لتنظيم_حديقة_(_تقديم_فرش_تربة_زراعية_وأعشاب_وأشجار_).docx,content/legal_templates/contracts/raw_html/syrian_lawyer_9004.html
syrian_lawyer_14361,صيغ و نموذج عقد للتشغيل والصيانة والنظافة,مقاولة,عقود واردة على العمل / الخدمة > تشغيل وصيانة,نموذج منشور في نادي المحامي السوري - يحتاج تحقق من نسبته ومراجعة قبل الاعتماد,https://www.syrian-lawyer.club/%d8%b5%d9%8a%d8%ba-%d9%88-%d9%86%d9%85%d9%88%d8%b0%d8%ac-%d8%b9%d9%82%d8%af-%d9%84%d9%84%d8%aa%d8%b4%d8%ba%d9%8a%d9%84-%d9%88%d8%a7%d9%84%d8%b5%d9%8a%d8%a7%d9%86%d8%a9-%d9%88%d8%a7%d9%84%d9%86%d8%b8/,downloaded,content/legal_templates/contracts/markdown/صيغ_و_نموذج_عقد_للتشغيل_والصيانة_والنظافة.md,content/legal_templates/contracts/docx/صيغ_و_نموذج_عقد_للتشغيل_والصيانة_والنظافة.docx,content/legal_templates/contracts/raw_html/syrian_lawyer_14361.html
syrian_lawyer_2896, عقد استعمال اسم وعلامة تجارية ( اتفاقية امتيـــاز – فرانشايز),تجاري,عقود تجارية > استعمال علامة تجارية / امتياز,نموذج منشور في نادي المحامي السوري - يحتاج تحقق من نسبته ومراجعة قبل الاعتماد,https://www.syrian-lawyer.club/%d8%b9%d9%82%d8%af-%d8%a7%d8%b3%d8%aa%d8%b9%d9%85%d8%a7%d9%84-%d8%a7%d8%b3%d9%85-%d9%88%d8%b9%d9%84%d8%a7%d9%85%d8%a9-%d8%aa%d8%ac%d8%a7%d8%b1%d9%8a%d8%a9-%d8%a7%d8%aa%d9%81%d8%a7%d9%82%d9%8a/,downloaded,content/legal_templates/contracts/markdown/عقد_استعمال_اسم_وعلامة_تجارية_(_اتفاقية_امتيـــاز_–_فرانشايز).md,content/legal_templates/contracts/docx/عقد_استعمال_اسم_وعلامة_تجارية_(_اتفاقية_امتيـــاز_–_فرانشايز).docx,content/legal_templates/contracts/raw_html/syrian_lawyer_2896.html
syrian_lawyer_16262,صيغة سند مخالصة مع حارس اتفاقي,مخالصة,عقود صلح / تسوية > مخالصة / إبراء,نموذج منشور في نادي المحامي السوري - يحتاج تحقق من نسبته ومراجعة قبل الاعتماد,https://www.syrian-lawyer.club/%d8%b5%d9%8a%d8%ba%d8%a9-%d8%b3%d9%86%d8%af-%d9%85%d8%ae%d8%a7%d9%84%d8%b5%d8%a9-%d9%85%d8%b9-%d8%ad%d8%a7%d8%b1%d8%b3-%d8%a7%d8%aa%d9%81%d8%a7%d9%82%d9%8a/,downloaded,content/legal_templates/contracts/markdown/صيغة_سند_مخالصة_مع_حارس_اتفاقي.md,content/legal_templates/contracts/docx/صيغة_سند_مخالصة_مع_حارس_اتفاقي.docx,content/legal_templates/contracts/raw_html/syrian_lawyer_16262.html
syrian_lawyer_15921,صيغة نص مخالصة وبراءة ذمة بين موكل ووكيل,مخالصة,عقود صلح / تسوية > مخالصة / إبراء,نموذج منشور في نادي المحامي السوري - يحتاج تحقق من نسبته ومراجعة قبل الاعتماد,https://www.syrian-lawyer.club/%d8%b5%d9%8a%d8%ba%d8%a9-%d9%86%d8%b5-%d9%85%d8%ae%d8%a7%d9%84%d8%b5%d8%a9-%d9%88%d8%a8%d8%b1%d8%a7%d8%a1%d8%a9-%d8%b0%d9%85%d8%a9-%d8%a8%d9%8a%d9%86-%d9%85%d9%88%d9%83%d9%84-%d9%88%d9%88%d9%83%d9%8a/,downloaded,content/legal_templates/contracts/markdown/صيغة_نص_مخالصة_وبراءة_ذمة_بين_موكل_ووكيل.md,content/legal_templates/contracts/docx/صيغة_نص_مخالصة_وبراءة_ذمة_بين_موكل_ووكيل.docx,content/legal_templates/contracts/raw_html/syrian_lawyer_15921.html
syrian_lawyer_14728,نص عقد مخالصة رد منقول مشتری بشرط التجربة,مخالصة,عقود صلح / تسوية > مخالصة / إبراء,نموذج منشور في نادي المحامي السوري - يحتاج تحقق من نسبته ومراجعة قبل الاعتماد,https://www.syrian-lawyer.club/%d9%86%d8%b5-%d8%b9%d9%82%d8%af-%d9%85%d8%ae%d8%a7%d9%84%d8%b5%d8%a9-%d8%b1%d8%af-%d9%85%d9%86%d9%82%d9%88%d9%84-%d9%85%d8%b4%d8%aa%d8%b1%db%8c-%d8%a8%d8%b4%d8%b1%d8%b7-%d8%a7%d9%84%d8%aa%d8%ac%d8%b1/,downloaded,content/legal_templates/contracts/markdown/نص_عقد_مخالصة_رد_منقول_مشتری_بشرط_التجربة.md,content/legal_templates/contracts/docx/نص_عقد_مخالصة_رد_منقول_مشتری_بشرط_التجربة.docx,content/legal_templates/contracts/raw_html/syrian_lawyer_14728.html
syrian_lawyer_9036,صيغة مخالصة وبراءة ذمة من عقد مقاولة,مخالصة,عقود صلح / تسوية > مخالصة / إبراء,نموذج منشور في نادي المحامي السوري - يحتاج تحقق من نسبته ومراجعة قبل الاعتماد,https://www.syrian-lawyer.club/%d9%85%d8%ae%d8%a7%d9%84%d8%b5%d8%a9-%d9%88%d8%a8%d8%b1%d8%a7%d8%a1%d8%a9-%d8%b0%d9%85%d8%a9-%d9%85%d9%86-%d8%b9%d9%82%d8%af-%d9%85%d9%82%d8%a7%d9%88%d9%84%d8%a9/,downloaded,content/legal_templates/contracts/markdown/صيغة_مخالصة_وبراءة_ذمة_من_عقد_مقاولة.md,content/legal_templates/contracts/docx/صيغة_مخالصة_وبراءة_ذمة_من_عقد_مقاولة.docx,content/legal_templates/contracts/raw_html/syrian_lawyer_9036.html
syrian_lawyer_13260,عقد تخارج بين وارثين اثنين ببدل مدفوع من خارج التركة,شرعي,عقود واردة على الملكية > تخارج / تركة,نموذج منشور في نادي المحامي السوري - يحتاج تحقق من نسبته ومراجعة قبل الاعتماد,https://www.syrian-lawyer.club/%d8%b9%d9%82%d8%af-%d8%aa%d8%ae%d8%a7%d8%b1%d8%ac-%d8%a8%d9%8a%d9%86-%d9%88%d8%a7%d8%b1%d8%ab%d9%8a%d9%86/,downloaded,content/legal_templates/contracts/markdown/عقد_تخارج_بين_وارثين_اثنين_ببدل_مدفوع_من_خارج_التركة.md,content/legal_templates/contracts/docx/عقد_تخارج_بين_وارثين_اثنين_ببدل_مدفوع_من_خارج_التركة.docx,content/legal_templates/contracts/raw_html/syrian_lawyer_13260.html
syrian_lawyer_13257, عقد تخارج وارث مع أكثر من وارث ببدل مدفوع من خارج التركة,شرعي,عقود واردة على الملكية > تخارج / تركة,نموذج منشور في نادي المحامي السوري - يحتاج تحقق من نسبته ومراجعة قبل الاعتماد,https://www.syrian-lawyer.club/%d8%b9%d9%82%d8%af-%d8%aa%d8%ae%d8%a7%d8%b1%d8%ac-%d9%88%d8%a7%d8%b1%d8%ab/,downloaded,content/legal_templates/contracts/markdown/عقد_تخارج_وارث_مع_أكثر_من_وارث_ببدل_مدفوع_من_خارج_التركة.md,content/legal_templates/contracts/docx/عقد_تخارج_وارث_مع_أكثر_من_وارث_ببدل_مدفوع_من_خارج_التركة.docx,content/legal_templates/contracts/raw_html/syrian_lawyer_13257.html
syrian_lawyer_13254,عقد تخارج وارث مع أكثر من وارث ببدل مدفوع من التركة,شرعي,عقود واردة على الملكية > تخارج / تركة,نموذج منشور في نادي المحامي السوري - يحتاج تحقق من نسبته ومراجعة قبل الاعتماد,https://www.syrian-lawyer.club/%d8%b9%d9%82%d8%af-%d8%aa%d8%ae%d8%a7%d8%b1%d8%ac/,downloaded,content/legal_templates/contracts/markdown/عقد_تخارج_وارث_مع_أكثر_من_وارث_ببدل_مدفوع_من_التركة.md,content/legal_templates/contracts/docx/عقد_تخارج_وارث_مع_أكثر_من_وارث_ببدل_مدفوع_من_التركة.docx,content/legal_templates/contracts/raw_html/syrian_lawyer_13254.html
syrian_lawyer_2290,صيغة  ونموذج عقد تخارج من تركة في القانون السوري,شرعي,عقود واردة على الملكية > تخارج / تركة,نموذج منشور في نادي المحامي السوري - يحتاج تحقق من نسبته ومراجعة قبل الاعتماد,https://www.syrian-lawyer.club/%d8%b5%d9%8a%d8%ba%d8%a9-%d8%b9%d9%82%d8%af-%d8%aa%d8%ae%d8%a7%d8%b1%d8%ac-%d9%85%d9%86-%d8%aa%d8%b1%d9%83%d8%a9/,downloaded,content/legal_templates/contracts/markdown/صيغة_ونموذج_عقد_تخارج_من_تركة_في_القانون_السوري.md,content/legal_templates/contracts/docx/صيغة_ونموذج_عقد_تخارج_من_تركة_في_القانون_السوري.docx,content/legal_templates/contracts/raw_html/syrian_lawyer_2290.html
syrian_lawyer_15714,صيغة عقد هبة عقار بلا شرط ولا عوض,هبة,عقود واردة على الملكية > هبة,نموذج منشور في نادي المحامي السوري - يحتاج تحقق من نسبته ومراجعة قبل الاعتماد,https://www.syrian-lawyer.club/%d8%b5%d9%8a%d8%ba%d8%a9-%d8%b9%d9%82%d8%af-%d9%87%d8%a8%d8%a9-%d8%b9%d9%82%d8%a7%d8%b1-%d8%a8%d9%84%d8%a7-%d8%b4%d8%b1%d8%b7-%d9%88%d9%84%d8%a7-%d8%b9%d9%88%d8%b6/,downloaded,content/legal_templates/contracts/markdown/صيغة_عقد_هبة_عقار_بلا_شرط_ولا_عوض.md,content/legal_templates/contracts/docx/صيغة_عقد_هبة_عقار_بلا_شرط_ولا_عوض.docx,content/legal_templates/contracts/raw_html/syrian_lawyer_15714.html
syrian_lawyer_15716,صيغة عقد هبة متجر أو مصنع دون عوض أو شرط,هبة,عقود واردة على الملكية > هبة,نموذج منشور في نادي المحامي السوري - يحتاج تحقق من نسبته ومراجعة قبل الاعتماد,https://www.syrian-lawyer.club/%d8%b5%d9%8a%d8%ba%d8%a9-%d8%b9%d9%82%d8%af-%d9%87%d8%a8%d8%a9-%d9%85%d8%aa%d8%ac%d8%b1-%d9%85%d8%b5%d9%86%d8%b9-%d8%af%d9%88%d9%86-%d8%b9%d9%88%d8%b6-%d8%a3%d9%88-%d8%b4%d8%b1%d8%b7/,downloaded,content/legal_templates/contracts/markdown/صيغة_عقد_هبة_متجر_أو_مصنع_دون_عوض_أو_شرط.md,content/legal_templates/contracts/docx/صيغة_عقد_هبة_متجر_أو_مصنع_دون_عوض_أو_شرط.docx,content/legal_templates/contracts/raw_html/syrian_lawyer_15716.html
syrian_lawyer_15720,صيغة عقد هبة عقار بشرط ترتيب دخل دائم,هبة,عقود واردة على الملكية > هبة,نموذج منشور في نادي المحامي السوري - يحتاج تحقق من نسبته ومراجعة قبل الاعتماد,https://www.syrian-lawyer.club/%d8%b5%d9%8a%d8%ba%d8%a9-%d8%b9%d9%82%d8%af-%d9%87%d8%a8%d8%a9-%d8%b9%d9%82%d8%a7%d8%b1-%d8%a8%d8%b4%d8%b1%d8%b7-%d8%aa%d8%b1%d8%aa%d9%8a%d8%a8-%d8%af%d8%ae%d9%84-%d8%af%d8%a7%d8%a6%d9%85/,downloaded,content/legal_templates/contracts/markdown/صيغة_عقد_هبة_عقار_بشرط_ترتيب_دخل_دائم.md,content/legal_templates/contracts/docx/صيغة_عقد_هبة_عقار_بشرط_ترتيب_دخل_دائم.docx,content/legal_templates/contracts/raw_html/syrian_lawyer_15720.html
syrian_lawyer_15728,صيغة عقد هبة حق انتفاع بعقار,هبة,عقود واردة على الملكية > هبة,نموذج منشور في نادي المحامي السوري - يحتاج تحقق من نسبته ومراجعة قبل الاعتماد,https://www.syrian-lawyer.club/%d8%b5%d9%8a%d8%ba%d8%a9-%d8%b9%d9%82%d8%af-%d9%87%d8%a8%d8%a9-%d8%ad%d9%82-%d8%a7%d9%86%d8%aa%d9%81%d8%a7%d8%b9-%d8%a8%d8%b9%d9%82%d8%a7%d8%b1/,downloaded,content/legal_templates/contracts/markdown/صيغة_عقد_هبة_حق_انتفاع_بعقار.md,content/legal_templates/contracts/docx/صيغة_عقد_هبة_حق_انتفاع_بعقار.docx,content/legal_templates/contracts/raw_html/syrian_lawyer_15728.html
syrian_lawyer_15730,صيغة عقد هبة عقار مع الاحتفاظ بحق الانتفاع به,هبة,عقود واردة على الملكية > هبة,نموذج منشور في نادي المحامي السوري - يحتاج تحقق من نسبته ومراجعة قبل الاعتماد,https://www.syrian-lawyer.club/%d8%b5%d9%8a%d8%ba%d8%a9-%d8%b9%d9%82%d8%af-%d9%87%d8%a8%d8%a9-%d8%b9%d9%82%d8%a7%d8%b1-%d9%85%d8%b9-%d8%a7%d9%84%d8%a7%d8%ad%d8%aa%d9%81%d8%a7%d8%b8-%d8%a8%d8%ad%d9%82-%d8%a7%d9%84%d8%a7%d9%86%d8%aa/,downloaded,content/legal_templates/contracts/markdown/صيغة_عقد_هبة_عقار_مع_الاحتفاظ_بحق_الانتفاع_به.md,content/legal_templates/contracts/docx/صيغة_عقد_هبة_عقار_مع_الاحتفاظ_بحق_الانتفاع_به.docx,content/legal_templates/contracts/raw_html/syrian_lawyer_15730.html
syrian_lawyer_15732,نص  عقد هبة حق رقبة عقار لشخص وحق انتفاعه لشخص آخر,هبة,عقود واردة على الملكية > هبة,نموذج منشور في نادي المحامي السوري - يحتاج تحقق من نسبته ومراجعة قبل الاعتماد,https://www.syrian-lawyer.club/%d9%86%d8%b5-%d8%b9%d9%82%d8%af-%d9%87%d8%a8%d8%a9-%d8%ad%d9%82-%d8%b1%d9%82%d8%a8%d8%a9-%d8%b9%d9%82%d8%a7%d8%b1-%d9%84%d8%b4%d8%ae%d8%b5-%d9%88%d8%ad%d9%82-%d8%a7%d9%86%d8%aa%d9%81%d8%a7%d8%b9/,downloaded,content/legal_templates/contracts/markdown/نص_عقد_هبة_حق_رقبة_عقار_لشخص_وحق_انتفاعه_لشخص_آخر.md,content/legal_templates/contracts/docx/نص_عقد_هبة_حق_رقبة_عقار_لشخص_وحق_انتفاعه_لشخص_آخر.docx,content/legal_templates/contracts/raw_html/syrian_lawyer_15732.html
syrian_lawyer_15724,صيغة عقد هبة عقار من أب أو جد لابن أو حفيد قاصر,هبة,عقود واردة على الملكية > هبة,نموذج منشور في نادي المحامي السوري - يحتاج تحقق من نسبته ومراجعة قبل الاعتماد,https://www.syrian-lawyer.club/%d8%b5%d9%8a%d8%ba%d8%a9-%d8%b9%d9%82%d8%af-%d9%87%d8%a8%d8%a9-%d8%b9%d9%82%d8%a7%d8%b1-%d9%85%d9%86-%d8%a3%d8%a8-%d8%a3%d9%88-%d8%ac%d8%af-%d9%84%d8%a7%d8%a8%d9%86-%d8%a3%d9%88-%d8%ad%d9%81%d9%8a/,downloaded,content/legal_templates/contracts/markdown/صيغة_عقد_هبة_عقار_من_أب_أو_جد_لابن_أو_حفيد_قاصر.md,content/legal_templates/contracts/docx/صيغة_عقد_هبة_عقار_من_أب_أو_جد_لابن_أو_حفيد_قاصر.docx,content/legal_templates/contracts/raw_html/syrian_lawyer_15724.html
syrian_lawyer_15743,صيغة عقد تأدية دخل دائم بعوض نقدي,دخل دائم,عقود واردة على الملكية > دخل دائم,نموذج منشور في نادي المحامي السوري - يحتاج تحقق من نسبته ومراجعة قبل الاعتماد,https://www.syrian-lawyer.club/%d8%b5%d9%8a%d8%ba%d8%a9-%d8%b9%d9%82%d8%af-%d8%aa%d8%a3%d8%af%d9%8a%d8%a9-%d8%af%d8%ae%d9%84-%d8%af%d8%a7%d8%a6%d9%85-%d8%a8%d8%b9%d9%88%d8%b6-%d9%86%d9%82%d8%af%d9%8a/,downloaded,content/legal_templates/contracts/markdown/صيغة_عقد_تأدية_دخل_دائم_بعوض_نقدي.md,content/legal_templates/contracts/docx/صيغة_عقد_تأدية_دخل_دائم_بعوض_نقدي.docx,content/legal_templates/contracts/raw_html/syrian_lawyer_15743.html
syrian_lawyer_15745,صيغة عقد دخل دائم بعوض عقاري,دخل دائم,عقود واردة على الملكية > دخل دائم,نموذج منشور في نادي المحامي السوري - يحتاج تحقق من نسبته ومراجعة قبل الاعتماد,https://www.syrian-lawyer.club/%d8%b5%d9%8a%d8%ba%d8%a9-%d8%b9%d9%82%d8%af-%d8%af%d8%ae%d9%84-%d8%af%d8%a7%d8%a6%d9%85-%d8%a8%d8%b9%d9%88%d8%b6-%d8%b9%d9%82%d8%a7%d8%b1%d9%8a-2/,downloaded,content/legal_templates/contracts/markdown/صيغة_عقد_دخل_دائم_بعوض_عقاري.md,content/legal_templates/contracts/docx/صيغة_عقد_دخل_دائم_بعوض_عقاري.docx,content/legal_templates/contracts/raw_html/syrian_lawyer_15745.html
syrian_lawyer_15927,صيغة سند أمانة بمبلغ نقدي,أمانة,عقود ضمان / كفالة / رهن > سند أمانة,نموذج منشور في نادي المحامي السوري - يحتاج تحقق من نسبته ومراجعة قبل الاعتماد,https://www.syrian-lawyer.club/%d8%b5%d9%8a%d8%ba%d8%a9-%d8%b3%d9%86%d8%af-%d8%a3%d9%85%d8%a7%d9%86%d8%a9-%d8%a8%d9%85%d8%a8%d9%84%d8%ba-%d9%86%d9%82%d8%af%d9%8a/,downloaded,content/legal_templates/contracts/markdown/صيغة_سند_أمانة_بمبلغ_نقدي.md,content/legal_templates/contracts/docx/صيغة_سند_أمانة_بمبلغ_نقدي.docx,content/legal_templates/contracts/raw_html/syrian_lawyer_15927.html
syrian_lawyer_15929,صيغة سند أمانة ( ووديعة ) بشيء مثلي أو مستهلك,أمانة,عقود ضمان / كفالة / رهن > سند أمانة,نموذج منشور في نادي المحامي السوري - يحتاج تحقق من نسبته ومراجعة قبل الاعتماد,https://www.syrian-lawyer.club/%d8%b5%d9%8a%d8%ba%d8%a9-%d8%b3%d9%86%d8%af-%d8%a3%d9%85%d8%a7%d9%86%d8%a9-%d9%88%d9%88%d8%af%d9%8a%d8%b9%d8%a9-%d8%a8%d8%b4%d9%8a%d8%a1-%d9%85%d8%ab%d9%84%d9%8a-%d8%a3%d9%88-%d9%85%d8%b3%d8%aa/,downloaded,content/legal_templates/contracts/markdown/صيغة_سند_أمانة_(_ووديعة_)_بشيء_مثلي_أو_مستهلك.md,content/legal_templates/contracts/docx/صيغة_سند_أمانة_(_ووديعة_)_بشيء_مثلي_أو_مستهلك.docx,content/legal_templates/contracts/raw_html/syrian_lawyer_15929.html
syrian_lawyer_3054,نموذج و صيغة وكالة عامة في سوريا doc + pdf,توكيل,وكالات / تفويضات > وكالة عامة,نموذج منشور في نادي المحامي السوري - يحتاج تحقق من نسبته ومراجعة قبل الاعتماد,https://www.syrian-lawyer.club/%d9%88%d9%83%d8%a7%d9%84%d8%a9-%d8%b9%d8%a7%d9%85%d8%a9-2/,downloaded,content/legal_templates/contracts/markdown/نموذج_و_صيغة_وكالة_عامة_في_سوريا_doc_+_pdf.md,content/legal_templates/contracts/docx/نموذج_و_صيغة_وكالة_عامة_في_سوريا_doc_+_pdf.docx,content/legal_templates/contracts/raw_html/syrian_lawyer_3054.html
syrian_lawyer_17721,نموذج ونص وكالة لشخص أو محامي في سوريا لشخص خارج القطر,توكيل,وكالات / تفويضات > وكالة خارجية,نموذج منشور في نادي المحامي السوري - يحتاج تحقق من نسبته ومراجعة قبل الاعتماد,https://www.syrian-lawyer.club/%d9%86%d9%85%d9%88%d8%b0%d8%ac-%d9%88%d9%86%d8%b5-%d9%88%d9%83%d8%a7%d9%84%d8%a9-%d9%84%d8%b4%d8%ae%d8%b5-%d8%a3%d9%88-%d9%85%d8%ad%d8%a7%d9%85%d9%8a-%d9%81%d9%8a-%d8%b3%d9%88%d8%b1%d9%8a%d8%a7-%d9%84/,downloaded,content/legal_templates/contracts/markdown/نموذج_ونص_وكالة_لشخص_أو_محامي_في_سوريا_لشخص_خارج_القطر.md,content/legal_templates/contracts/docx/نموذج_ونص_وكالة_لشخص_أو_محامي_في_سوريا_لشخص_خارج_القطر.docx,content/legal_templates/contracts/raw_html/syrian_lawyer_17721.html
